"Time (s)","Distance (cm)"
4.366016140E-1,5.000000000E0
1.309388593E0,0.000000000E0
5.225095623E0,5.000000000E0
2.052923180E2,0.000000000E0
2.153344000E2,5.000000000E0
