"Time (s)","Distance (cm)"
2.908824998E-2,5.000000000E0
1.391639042E0,0.000000000E0
5.769558781E2,5.000000000E0
5.778895359E2,0.000000000E0
5.780061472E2,5.000000000E0